-- phpMyAdmin SQL Dump
-- version 5.2.1
-- https://www.phpmyadmin.net/
--
-- Host: 127.0.0.1
-- Generation Time: May 13, 2024 at 08:32 AM
-- Server version: 10.4.32-MariaDB
-- PHP Version: 8.2.12

SET SQL_MODE = "NO_AUTO_VALUE_ON_ZERO";
START TRANSACTION;
SET time_zone = "+00:00";


/*!40101 SET @OLD_CHARACTER_SET_CLIENT=@@CHARACTER_SET_CLIENT */;
/*!40101 SET @OLD_CHARACTER_SET_RESULTS=@@CHARACTER_SET_RESULTS */;
/*!40101 SET @OLD_COLLATION_CONNECTION=@@COLLATION_CONNECTION */;
/*!40101 SET NAMES utf8mb4 */;

--
-- Database: `reactsocket`
--

-- --------------------------------------------------------

--
-- Table structure for table `department`
--

CREATE TABLE `department` (
  `id` int(11) NOT NULL,
  `name` varchar(255) NOT NULL,
  `now_serving` varchar(255) NOT NULL,
  `description` text NOT NULL
) ENGINE=InnoDB DEFAULT CHARSET=utf8mb4 COLLATE=utf8mb4_unicode_ci;

--
-- Dumping data for table `department`
--

INSERT INTO `department` (`id`, `name`, `now_serving`, `description`) VALUES
(1, '1', '', 'desc1'),
(2, '2', '', 'desc2'),
(3, '3', '', 'desc3'),
(4, '4', '', 'desc4'),
(5, '5', '', 'desc5'),
(6, '6', '', 'desc6'),
(7, '7', '', 'desc7');

-- --------------------------------------------------------

--
-- Table structure for table `service`
--

CREATE TABLE `service` (
  `id` int(11) NOT NULL,
  `createdAt` timestamp NOT NULL DEFAULT current_timestamp(),
  `service_time` double NOT NULL,
  `departmentId` int(11) NOT NULL
) ENGINE=InnoDB DEFAULT CHARSET=utf8mb4 COLLATE=utf8mb4_unicode_ci;

--
-- Dumping data for table `service`
--

INSERT INTO `service` (`id`, `createdAt`, `service_time`, `departmentId`) VALUES
(1, '2024-04-08 09:13:08', 1.2, 1),
(2, '2024-04-08 20:57:25', 2.17, 1),
(3, '2024-04-08 20:57:32', 6.97, 1),
(4, '2024-04-08 20:57:35', 2.9, 1),
(5, '2024-04-08 20:57:37', 1.88, 1),
(6, '2024-04-08 20:57:37', 0.6, 1),
(7, '2024-04-09 01:02:39', 2.14, 1),
(8, '2024-04-09 01:02:44', 4.98, 1),
(9, '2024-04-09 01:02:45', 0.91, 1),
(10, '2024-04-09 01:02:46', 0.96, 1),
(11, '2024-04-09 01:02:47', 0.73, 1),
(12, '2024-04-09 01:56:39', 3.39, 1),
(13, '2024-04-09 01:56:41', 2.43, 1),
(14, '2024-04-09 01:56:43', 1.66, 1),
(15, '2024-04-09 01:56:44', 1.58, 1),
(16, '2024-04-09 01:56:46', 1.68, 1),
(17, '2024-04-12 23:19:44', 2.82, 2),
(18, '2024-04-18 03:10:05', 7.19, 1),
(19, '2024-04-18 03:14:40', 41.87, 1),
(20, '2024-04-18 03:14:54', 14.09, 1),
(21, '2024-04-18 03:14:56', 2.34, 1),
(22, '2024-04-18 03:14:57', 1.1, 1),
(23, '2024-04-18 03:14:59', 1.26, 1),
(24, '2024-04-18 03:15:01', 2.28, 1),
(25, '2024-04-18 03:23:26', 3.4, 1),
(26, '2024-04-18 03:23:28', 2.75, 1),
(27, '2024-04-18 19:08:52', 6.56, 1),
(28, '2024-04-18 19:08:56', 4.03, 1),
(29, '2024-04-18 19:09:40', 2.21, 1),
(30, '2024-04-18 19:09:41', 1.17, 1),
(31, '2024-04-18 19:09:43', 2.1, 1),
(32, '2024-04-18 19:09:46', 2.95, 1),
(33, '2024-04-18 19:09:49', 2.5, 1),
(34, '2024-04-18 19:13:34', 0.84, 1),
(35, '2024-04-18 19:13:35', 1.03, 1),
(36, '2024-04-18 19:13:36', 1.19, 1),
(37, '2024-04-18 19:15:31', 1.75, 2),
(38, '2024-04-18 19:15:32', 1.59, 2),
(39, '2024-04-18 19:16:11', 6.73, 2),
(40, '2024-04-18 19:16:28', 5.42, 1),
(41, '2024-04-18 19:16:31', 2.57, 1),
(42, '2024-04-18 19:16:36', 5.22, 1),
(43, '2024-04-18 19:18:16', 2.14, 1),
(44, '2024-04-18 19:18:18', 1.48, 1),
(45, '2024-04-18 19:20:23', 0.96, 1),
(46, '2024-04-18 19:20:24', 0.72, 1),
(47, '2024-04-18 19:20:25', 0.85, 1),
(48, '2024-04-18 19:20:26', 0.73, 1),
(49, '2024-04-18 19:20:38', 2.49, 1),
(50, '2024-04-18 19:20:44', 5.09, 1),
(51, '2024-04-18 19:21:53', 0.66, 1),
(52, '2024-04-18 19:21:54', 1.12, 1),
(53, '2024-04-18 19:21:57', 2.42, 1),
(54, '2024-04-18 19:21:58', 1.67, 1),
(55, '2024-04-25 06:43:40', 5.73, 2),
(56, '2024-04-30 03:52:33', 96.89, 1),
(57, '2024-04-30 03:52:36', 3.07, 1),
(58, '2024-04-30 03:52:42', 5.98, 1),
(59, '2024-04-30 03:52:53', 10.7, 1),
(60, '2024-04-30 03:53:26', 12.92, 3),
(61, '2024-04-30 03:53:28', 2.02, 3),
(62, '2024-04-30 03:53:35', 42.44, 1),
(63, '2024-05-02 01:28:21', 0.86, 1),
(64, '2024-05-02 01:28:24', 3.28, 1),
(65, '2024-05-02 01:36:27', 4.32, 1),
(66, '2024-05-02 01:37:53', 86.21, 1),
(67, '2024-05-02 01:38:59', 1.96, 1),
(68, '2024-05-02 01:39:00', 0.73, 1),
(69, '2024-05-02 23:25:22', 6.26, 1),
(70, '2024-05-02 23:25:27', 5.18, 1),
(71, '2024-05-02 23:26:48', 1.98, 1),
(72, '2024-05-04 20:48:55', 37.9, 1),
(73, '2024-05-04 20:56:12', 5.17, 1),
(74, '2024-05-04 20:56:13', 1.17, 1),
(75, '2024-05-04 20:56:14', 1.06, 1),
(76, '2024-05-04 21:01:42', 4.29, 1),
(77, '2024-05-04 21:01:51', 9.61, 1),
(78, '2024-05-04 21:01:54', 2.24, 1),
(79, '2024-05-04 21:01:56', 2.02, 1),
(80, '2024-05-04 21:01:58', 2.23, 1),
(81, '2024-05-04 21:03:49', 3.05, 1),
(82, '2024-05-04 21:03:52', 3.07, 1),
(83, '2024-05-04 21:03:55', 2.96, 1),
(84, '2024-05-04 21:03:57', 2.04, 1),
(85, '2024-05-05 21:10:49', 5.55, 1),
(86, '2024-05-05 21:11:48', 3.95, 1),
(87, '2024-05-05 21:12:00', 16.08, 1),
(88, '2024-05-05 21:12:01', 0.88, 1),
(89, '2024-05-05 21:12:02', 1.12, 1),
(90, '2024-05-05 21:12:37', 3.94, 1),
(91, '2024-05-05 21:18:23', 3.19, 1),
(92, '2024-05-05 21:18:23', 3.19, 1),
(93, '2024-05-05 21:18:28', 5.29, 1),
(94, '2024-05-05 21:18:28', 5.29, 1),
(95, '2024-05-05 21:18:30', 2.21, 1),
(96, '2024-05-05 21:18:30', 2.21, 1),
(97, '2024-05-05 21:18:32', 2.13, 1),
(98, '2024-05-05 21:18:48', 6.33, 1),
(99, '2024-05-07 00:41:39', 1.74, 2),
(100, '2024-05-07 00:41:39', 1.74, 2),
(101, '2024-05-07 00:43:04', 2.87, 2),
(102, '2024-05-07 00:43:04', 2.87, 2),
(103, '2024-05-07 00:43:08', 3.74, 2),
(104, '2024-05-07 00:43:08', 3.74, 2),
(105, '2024-05-07 00:43:13', 4.5, 2),
(106, '2024-05-07 00:44:40', 8.77, 2),
(107, '2024-05-07 00:44:43', 3.69, 2),
(108, '2024-05-07 00:47:07', 37.02, 1),
(109, '2024-05-07 00:49:58', 4.3, 1),
(110, '2024-05-07 00:52:53', 140.52, 1),
(111, '2024-05-07 00:54:48', 3.94, 1),
(112, '2024-05-07 00:54:48', 3.94, 1),
(113, '2024-05-07 00:54:51', 3.61, 1),
(114, '2024-05-07 00:55:51', 1.99, 1),
(115, '2024-05-07 00:55:51', 1.99, 1),
(116, '2024-05-07 00:55:56', 5.09, 1),
(117, '2024-05-07 00:55:56', 5.09, 1),
(118, '2024-05-07 01:01:52', 2.21, 1),
(119, '2024-05-07 01:01:52', 2.21, 1),
(120, '2024-05-07 01:02:18', 1.28, 1),
(121, '2024-05-07 01:02:18', 1.28, 1),
(122, '2024-05-07 01:02:57', 5.11, 1),
(123, '2024-05-07 01:02:57', 5.11, 1),
(124, '2024-05-07 01:03:00', 2.42, 1),
(125, '2024-05-07 01:04:07', 2.03, 1),
(126, '2024-05-07 01:04:11', 4.13, 1),
(127, '2024-05-07 01:04:14', 2.62, 1),
(128, '2024-05-07 01:04:17', 3.12, 1),
(129, '2024-05-07 01:04:19', 2.31, 1),
(130, '2024-05-07 01:10:40', 3.27, 1),
(131, '2024-05-07 01:10:49', 5.8, 1),
(132, '2024-05-07 01:10:58', 9.5, 1),
(133, '2024-05-07 01:14:00', 2.74, 1),
(134, '2024-05-07 01:14:06', 3.66, 1),
(135, '2024-05-07 01:14:09', 6.43, 1),
(136, '2024-05-07 01:14:12', 9.79, 1),
(137, '2024-05-07 01:14:15', 12.3, 1),
(138, '2024-05-07 01:14:17', 2.42, 1),
(139, '2024-05-07 01:43:56', 2.24, 1),
(140, '2024-05-07 01:44:03', 1.7, 1),
(141, '2024-05-07 01:44:05', 1.7, 1),
(142, '2024-05-07 01:44:06', 1.56, 1),
(143, '2024-05-07 01:44:47', 2.27, 1),
(144, '2024-05-07 01:44:51', 2.27, 1),
(145, '2024-05-07 01:44:55', 3.37, 1),
(146, '2024-05-07 01:45:28', 2.21, 1),
(147, '2024-05-07 01:45:32', 2.21, 1),
(148, '2024-05-07 01:45:36', 4.03, 1),
(149, '2024-05-07 02:57:33', 10.22, 1),
(150, '2024-05-07 02:57:35', 2.9, 1),
(151, '2024-05-07 02:57:39', 16.29, 1),
(152, '2024-05-07 02:57:42', 3.32, 1),
(153, '2024-05-07 02:57:45', 3.19, 1),
(154, '2024-05-07 02:57:49', 26.29, 1),
(155, '2024-05-07 02:57:51', 28.78, 1),
(156, '2024-05-07 02:58:39', 2.07, 1),
(157, '2024-05-07 02:58:40', 1.55, 1),
(158, '2024-05-07 02:58:42', 1.75, 1),
(159, '2024-05-07 02:59:02', 5.72, 1),
(160, '2024-05-07 02:59:06', 9.69, 1),
(161, '2024-05-07 02:59:09', 2.88, 1),
(162, '2024-05-07 02:59:27', 0.97, 1),
(163, '2024-05-07 02:59:28', 0.86, 1),
(164, '2024-05-07 02:59:33', 2.01, 1),
(165, '2024-05-07 02:59:37', 6.06, 1),
(166, '2024-05-07 02:59:52', 9.71, 1),
(167, '2024-05-07 02:59:56', 14.01, 1),
(168, '2024-05-07 03:01:30', 4.93, 1),
(169, '2024-05-07 03:01:43', 3.57, 1),
(170, '2024-05-07 03:01:46', 6.15, 1),
(171, '2024-05-07 03:03:48', 3.76, 1),
(172, '2024-05-07 03:03:56', 8.21, 1),
(173, '2024-05-07 03:03:59', 2.51, 1),
(174, '2024-05-08 00:35:17', 2.24, 1),
(175, '2024-05-08 00:35:20', 2.81, 1),
(176, '2024-05-08 00:37:49', 2.12, 1),
(177, '2024-05-08 00:37:51', 1.73, 1);

-- --------------------------------------------------------

--
-- Table structure for table `tickets`
--

CREATE TABLE `tickets` (
  `id` int(11) NOT NULL,
  `name` varchar(255) NOT NULL,
  `createdAt` timestamp NOT NULL DEFAULT current_timestamp(),
  `status` int(11) NOT NULL DEFAULT 0,
  `departmentId` int(11) NOT NULL
) ENGINE=InnoDB DEFAULT CHARSET=utf8mb4 COLLATE=utf8mb4_unicode_ci;

--
-- Dumping data for table `tickets`
--

INSERT INTO `tickets` (`id`, `name`, `createdAt`, `status`, `departmentId`) VALUES
(270, '1P73Y', '2024-05-02 01:32:13', 0, 5),
(279, 'DI3M9', '2024-05-04 18:10:36', 0, 3),
(280, 'X0IC2', '2024-05-04 18:10:40', 0, 4),
(281, '48UGS', '2024-05-04 18:10:45', 0, 5),
(381, 'JJ88C', '2024-05-08 00:39:24', 0, 1),
(382, 'HJ17T', '2024-05-08 00:39:28', 0, 1),
(383, 'FKVF5', '2024-05-08 00:40:40', 0, 1),
(384, 'UDBCV', '2024-05-09 02:55:19', 0, 1),
(385, 'RVTF3', '2024-05-09 03:02:34', 0, 1),
(386, 'MO5OS', '2024-05-10 04:23:18', 0, 1),
(387, 'QJPZK', '2024-05-10 04:25:27', 0, 1),
(388, '3O9H2', '2024-05-10 04:27:20', 0, 1),
(389, 'FYDQ3', '2024-05-10 04:27:57', 0, 1),
(390, '9MW63', '2024-05-10 04:31:24', 0, 2),
(391, 'TEZPW', '2024-05-10 04:32:24', 0, 5),
(392, '8UKL0', '2024-05-10 04:33:05', 0, 1),
(393, 'K6ZXO', '2024-05-10 17:39:06', 0, 1),
(394, 'D4YNC', '2024-05-10 17:40:34', 0, 3),
(395, '6XIO6', '2024-05-10 17:40:39', 0, 5),
(396, '4NZ1H', '2024-05-11 19:46:56', 0, 1),
(397, 'WYNEL', '2024-05-11 22:47:52', 0, 1),
(398, 'ZP5MD', '2024-05-11 23:19:57', 0, 5),
(399, 'W6Z1X', '2024-05-11 23:20:04', 0, 1),
(400, 'T2ITW', '2024-05-11 23:20:11', 0, 1),
(401, 'FQWGF', '2024-05-11 23:20:14', 0, 5),
(402, 'FO19I', '2024-05-11 23:20:17', 0, 7),
(403, 'WQS2H', '2024-05-11 23:20:21', 0, 6),
(404, 'YEZKZ', '2024-05-12 02:42:41', 0, 1);

-- --------------------------------------------------------

--
-- Table structure for table `user`
--

CREATE TABLE `user` (
  `id` int(11) NOT NULL,
  `username` varchar(50) NOT NULL,
  `password` varchar(255) NOT NULL,
  `createdAt` timestamp NOT NULL DEFAULT current_timestamp(),
  `updatedAt` timestamp NOT NULL DEFAULT current_timestamp()
) ENGINE=InnoDB DEFAULT CHARSET=utf8mb4 COLLATE=utf8mb4_unicode_ci;

--
-- Dumping data for table `user`
--

INSERT INTO `user` (`id`, `username`, `password`, `createdAt`, `updatedAt`) VALUES
(1, 'admin', 'admin', '2024-05-12 08:43:40', '2024-05-12 08:43:40'),
(5, 'ted', '$2b$10$Hqyo5fUkOjH9b0Z/S05lMOuBRRtHlXezdqQNhSCrzMUuxKif/o/DG', '2024-05-12 01:12:23', '2024-05-12 01:12:23');

-- --------------------------------------------------------

--
-- Table structure for table `_prisma_migrations`
--

CREATE TABLE `_prisma_migrations` (
  `id` varchar(36) NOT NULL,
  `checksum` varchar(64) NOT NULL,
  `finished_at` datetime(3) DEFAULT NULL,
  `migration_name` varchar(255) NOT NULL,
  `logs` text DEFAULT NULL,
  `rolled_back_at` datetime(3) DEFAULT NULL,
  `started_at` datetime(3) NOT NULL DEFAULT current_timestamp(3),
  `applied_steps_count` int(10) UNSIGNED NOT NULL DEFAULT 0
) ENGINE=InnoDB DEFAULT CHARSET=utf8mb4 COLLATE=utf8mb4_unicode_ci;

--
-- Dumping data for table `_prisma_migrations`
--

INSERT INTO `_prisma_migrations` (`id`, `checksum`, `finished_at`, `migration_name`, `logs`, `rolled_back_at`, `started_at`, `applied_steps_count`) VALUES
('94e48c38-d5dc-43de-bf6c-3fbdc7b9bc96', '50fcaaab5dfaf0ae1529d176d70840fc1341bcfbfbee3679b8207ba6dbef70fe', '2024-04-30 10:44:07.858', '20240430104353_now_serving', NULL, NULL, '2024-04-30 10:44:07.851', 1),
('95096ef0-3e1c-4eea-8ab8-ce87162d35a0', '1edcc988bdc06f39475d7bcb5d6c07946ea605c15361b686238e152f41118f33', '2024-04-08 09:12:30.908', '20240408091230_add_service', NULL, NULL, '2024-04-08 09:12:30.867', 1),
('d22e8ebc-64d4-4c18-9f89-28e40b03a17b', '22d0dabb811b89bba21afed3a106c10cc936153fde0ba195e6d6b4c72cec28d8', '2024-03-10 10:25:49.086', '20240310102549_init', NULL, NULL, '2024-03-10 10:25:49.037', 1),
('d43019a5-840a-4ba4-8ab6-2ed3d40c8ca2', 'a21ce075efcc4987becab96f707ed04b0437edbcb9a348fb68c35948683b298f', '2024-05-12 06:42:07.824', '20240512064153_add_desc', NULL, NULL, '2024-05-12 06:42:07.818', 1),
('fd1b60d9-64cb-419c-b201-c68026a33ead', 'd89b4c3bc9396162cd9ea987ab023befb1bf956982ad389a658493771f3e175a', '2024-05-12 08:39:34.159', '20240512083926_add_user_model', NULL, NULL, '2024-05-12 08:39:34.149', 1);

--
-- Indexes for dumped tables
--

--
-- Indexes for table `department`
--
ALTER TABLE `department`
  ADD PRIMARY KEY (`id`);

--
-- Indexes for table `service`
--
ALTER TABLE `service`
  ADD PRIMARY KEY (`id`),
  ADD KEY `service_departmentId_fkey` (`departmentId`);

--
-- Indexes for table `tickets`
--
ALTER TABLE `tickets`
  ADD PRIMARY KEY (`id`),
  ADD KEY `Tickets_departmentId_fkey` (`departmentId`);

--
-- Indexes for table `user`
--
ALTER TABLE `user`
  ADD PRIMARY KEY (`id`);

--
-- Indexes for table `_prisma_migrations`
--
ALTER TABLE `_prisma_migrations`
  ADD PRIMARY KEY (`id`);

--
-- AUTO_INCREMENT for dumped tables
--

--
-- AUTO_INCREMENT for table `department`
--
ALTER TABLE `department`
  MODIFY `id` int(11) NOT NULL AUTO_INCREMENT, AUTO_INCREMENT=8;

--
-- AUTO_INCREMENT for table `service`
--
ALTER TABLE `service`
  MODIFY `id` int(11) NOT NULL AUTO_INCREMENT, AUTO_INCREMENT=178;

--
-- AUTO_INCREMENT for table `tickets`
--
ALTER TABLE `tickets`
  MODIFY `id` int(11) NOT NULL AUTO_INCREMENT, AUTO_INCREMENT=405;

--
-- AUTO_INCREMENT for table `user`
--
ALTER TABLE `user`
  MODIFY `id` int(11) NOT NULL AUTO_INCREMENT, AUTO_INCREMENT=6;

--
-- Constraints for dumped tables
--

--
-- Constraints for table `service`
--
ALTER TABLE `service`
  ADD CONSTRAINT `service_departmentId_fkey` FOREIGN KEY (`departmentId`) REFERENCES `department` (`id`) ON UPDATE CASCADE;

--
-- Constraints for table `tickets`
--
ALTER TABLE `tickets`
  ADD CONSTRAINT `Tickets_departmentId_fkey` FOREIGN KEY (`departmentId`) REFERENCES `department` (`id`) ON UPDATE CASCADE;
COMMIT;

/*!40101 SET CHARACTER_SET_CLIENT=@OLD_CHARACTER_SET_CLIENT */;
/*!40101 SET CHARACTER_SET_RESULTS=@OLD_CHARACTER_SET_RESULTS */;
/*!40101 SET COLLATION_CONNECTION=@OLD_COLLATION_CONNECTION */;
